https://edadeal.ru/barnaul/offers/52beb215-6d6e-55a3-9c83-958fb5b29c19?from=%2Fbarnaul%2Foffers%3Fpage%3D1%26retailer%3D5ka%26retailer%3Daniks%26retailer%3Dauchan%26retailer%3Dbristol%26retailer%3Dlenta-giper%26retailer%3Dmagnit-univer%26retailer%3Dmaria-ra%26retailer%3Dmyfasol%26segment%3Dbeer-cider;Пиво Старый мельник, светлое, 4,7%, 0,45 л. Цена указана при…
https://edadeal.ru/barnaul/offers/62097ec6-0cae-515d-8cd4-5fb25d8b10f8?from=%2Fbarnaul%2Foffers%3Fpage%3D1%26retailer%3D5ka%26retailer%3Daniks%26retailer%3Dauchan%26retailer%3Dbristol%26retailer%3Dlenta-giper%26retailer%3Dmagnit-univer%26retailer%3Dmaria-ra%26retailer%3Dmyfasol%26segment%3Dbeer-cider;Пиво БАЛТИКА №?7, Светлое, фильтрованное, 5,4%: Бутылка,…
https://edadeal.ru/barnaul/offers/7cf02d0d-11b4-5e06-90d8-e014915920d5?from=%2Fbarnaul%2Foffers%3Fpage%3D1%26retailer%3D5ka%26retailer%3Daniks%26retailer%3Dauchan%26retailer%3Dbristol%26retailer%3Dlenta-giper%26retailer%3Dmagnit-univer%26retailer%3Dmaria-ra%26retailer%3Dmyfasol%26segment%3Dbeer-cider;Напиток пивной ДОКТОР ДИЗЕЛЬ в ассортименте
https://edadeal.ru/barnaul/offers/02732782-c86b-5af7-b130-239fc3e8dad4?from=%2Fbarnaul%2Foffers%3Fpage%3D1%26retailer%3D5ka%26retailer%3Daniks%26retailer%3Dauchan%26retailer%3Dbristol%26retailer%3Dlenta-giper%26retailer%3Dmagnit-univer%26retailer%3Dmaria-ra%26retailer%3Dmyfasol%26segment%3Dbeer-cider;Сидр Chesters, грушевый; вишневый, 0,5 л
https://edadeal.ru/barnaul/offers/3c4e5970-694b-58a1-af62-a359cfbeb956?from=%2Fbarnaul%2Foffers%3Fpage%3D1%26retailer%3D5ka%26retailer%3Daniks%26retailer%3Dauchan%26retailer%3Dbristol%26retailer%3Dlenta-giper%26retailer%3Dmagnit-univer%26retailer%3Dmaria-ra%26retailer%3Dmyfasol%26segment%3Dbeer-cider;Пиво Heineken, светлое, 4,8%, 0,33 л
https://edadeal.ru/barnaul/offers/6ffd902c-e0f1-546f-8337-6bd438921de0?from=%2Fbarnaul%2Foffers%3Fpage%3D1%26retailer%3D5ka%26retailer%3Daniks%26retailer%3Dauchan%26retailer%3Dbristol%26retailer%3Dlenta-giper%26retailer%3Dmagnit-univer%26retailer%3Dmaria-ra%26retailer%3Dmyfasol%26segment%3Dbeer-cider;Пиво Velkopopovicky Kozel Rezany, светлое, 4,7%, 0,45 л
https://edadeal.ru/barnaul/offers/d66874ef-f0a6-5cf4-8862-a723c1056a34?from=%2Fbarnaul%2Foffers%3Fpage%3D1%26retailer%3D5ka%26retailer%3Daniks%26retailer%3Dauchan%26retailer%3Dbristol%26retailer%3Dlenta-giper%26retailer%3Dmagnit-univer%26retailer%3Dmaria-ra%26retailer%3Dmyfasol%26segment%3Dbeer-cider;Пиво БАЛТИКА №?7, Светлое, фильтрованное, 5,4%: Банка,…
https://edadeal.ru/barnaul/offers/70a520d1-a4f5-59e4-ba2b-73f66a645d95?from=%2Fbarnaul%2Foffers%3Fpage%3D1%26retailer%3D5ka%26retailer%3Daniks%26retailer%3Dauchan%26retailer%3Dbristol%26retailer%3Dlenta-giper%26retailer%3Dmagnit-univer%26retailer%3Dmaria-ra%26retailer%3Dmyfasol%26segment%3Dbeer-cider;Пиво Volfas Engelman, в ассортименте, 5,2%, 0,568 л
https://edadeal.ru/barnaul/offers/c2d5bd52-aae0-5409-a29a-c81d6bb3ed03?from=%2Fbarnaul%2Foffers%3Fpage%3D1%26retailer%3D5ka%26retailer%3Daniks%26retailer%3Dauchan%26retailer%3Dbristol%26retailer%3Dlenta-giper%26retailer%3Dmagnit-univer%26retailer%3Dmaria-ra%26retailer%3Dmyfasol%26segment%3Dbeer-cider;Пивной напиток Hoegaarden, нефильтрованное, 4,9%, 4
https://edadeal.ru/barnaul/offers/9e4f6682-e9ef-55dd-bf54-736c64b5a59c?from=%2Fbarnaul%2Foffers%3Fpage%3D1%26retailer%3D5ka%26retailer%3Daniks%26retailer%3Dauchan%26retailer%3Dbristol%26retailer%3Dlenta-giper%26retailer%3Dmagnit-univer%26retailer%3Dmaria-ra%26retailer%3Dmyfasol%26segment%3Dbeer-cider;Пиво Балтика мягкое, №?7, светлое, 4,7%, 0,44-0,45 л
https://edadeal.ru/barnaul/offers/5cc36ee5-1e0f-5e4f-bf77-b209ba4ac48c?from=%2Fbarnaul%2Foffers%3Fpage%3D1%26retailer%3D5ka%26retailer%3Daniks%26retailer%3Dauchan%26retailer%3Dbristol%26retailer%3Dlenta-giper%26retailer%3Dmagnit-univer%26retailer%3Dmaria-ra%26retailer%3Dmyfasol%26segment%3Dbeer-cider;Напиток пивной HOEGAARDEN®, нефильтрованный, 4,9%: Банка,…
https://edadeal.ru/barnaul/offers/ab17e684-5a7e-5b6d-84ba-3bb83edd6d89?from=%2Fbarnaul%2Foffers%3Fpage%3D1%26retailer%3D5ka%26retailer%3Daniks%26retailer%3Dauchan%26retailer%3Dbristol%26retailer%3Dlenta-giper%26retailer%3Dmagnit-univer%26retailer%3Dmaria-ra%26retailer%3Dmyfasol%26segment%3Dbeer-cider;Пиво Bud, светлое, 5%, 0,45-0,47 л
https://edadeal.ru/barnaul/offers/8efd8dae-4b54-5860-94c8-c4ce7b29c6e8?from=%2Fbarnaul%2Foffers%3Fpage%3D1%26retailer%3D5ka%26retailer%3Daniks%26retailer%3Dauchan%26retailer%3Dbristol%26retailer%3Dlenta-giper%26retailer%3Dmagnit-univer%26retailer%3Dmaria-ra%26retailer%3Dmyfasol%26segment%3Dbeer-cider;Пиво Krusovice, светлое, 4,2%, 0,45 л
https://edadeal.ru/barnaul/offers/e0f4b9d0-fce8-5449-9acd-ccc34b226136?from=%2Fbarnaul%2Foffers%3Fpage%3D1%26retailer%3D5ka%26retailer%3Daniks%26retailer%3Dauchan%26retailer%3Dbristol%26retailer%3Dlenta-giper%26retailer%3Dmagnit-univer%26retailer%3Dmaria-ra%26retailer%3Dmyfasol%26segment%3Dbeer-cider;Сидр Kelvish, яблочно-грушевый; яблочный, полусладкий, 4,7%,…
https://edadeal.ru/barnaul/offers/223cbd12-f308-5809-84d0-797de4df5218?from=%2Fbarnaul%2Foffers%3Fpage%3D1%26retailer%3D5ka%26retailer%3Daniks%26retailer%3Dauchan%26retailer%3Dbristol%26retailer%3Dlenta-giper%26retailer%3Dmagnit-univer%26retailer%3Dmaria-ra%26retailer%3Dmyfasol%26segment%3Dbeer-cider;Пиво BUD® светлое, 5%, 0,33 л
https://edadeal.ru/barnaul/offers/1194c44c-ef91-55ae-9f97-b45d908129cb?from=%2Fbarnaul%2Foffers%3Fpage%3D1%26retailer%3D5ka%26retailer%3Daniks%26retailer%3Dauchan%26retailer%3Dbristol%26retailer%3Dlenta-giper%26retailer%3Dmagnit-univer%26retailer%3Dmaria-ra%26retailer%3Dmyfasol%26segment%3Dbeer-cider;Напиток пивной HOEGAARDEN®, нефильтрованный, 4,9%: Бутылка,…
https://edadeal.ru/barnaul/offers/c7fb31f0-c41e-50f0-9c6c-0b5d8b719444?from=%2Fbarnaul%2Foffers%3Fpage%3D1%26retailer%3D5ka%26retailer%3Daniks%26retailer%3Dauchan%26retailer%3Dbristol%26retailer%3Dlenta-giper%26retailer%3Dmagnit-univer%26retailer%3Dmaria-ra%26retailer%3Dmyfasol%26segment%3Dbeer-cider;Пиво СТАРЫЙ МЕЛЬНИК Из бочонка, пастеризованное: Светлое,…
https://edadeal.ru/barnaul/offers/f30a9fde-1898-5dc6-a7ea-e1caff366172?from=%2Fbarnaul%2Foffers%3Fpage%3D1%26retailer%3D5ka%26retailer%3Daniks%26retailer%3Dauchan%26retailer%3Dbristol%26retailer%3Dlenta-giper%26retailer%3Dmagnit-univer%26retailer%3Dmaria-ra%26retailer%3Dmyfasol%26segment%3Dbeer-cider;Напиток пивной МИЛЛЕР Дженьюин драфт: Банка, 0,45л
https://edadeal.ru/barnaul/offers/5e9458ae-43c8-58db-a663-4e10e94aa8b9?from=%2Fbarnaul%2Foffers%3Fpage%3D1%26retailer%3D5ka%26retailer%3Daniks%26retailer%3Dauchan%26retailer%3Dbristol%26retailer%3Dlenta-giper%26retailer%3Dmagnit-univer%26retailer%3Dmaria-ra%26retailer%3Dmyfasol%26segment%3Dbeer-cider;Напиток пивной РЕДДС, 0,33 л
https://edadeal.ru/barnaul/offers/c12df481-c1a8-555d-adf0-06b1c88fe4fb?from=%2Fbarnaul%2Foffers%3Fpage%3D1%26retailer%3D5ka%26retailer%3Daniks%26retailer%3Dauchan%26retailer%3Dbristol%26retailer%3Dlenta-giper%26retailer%3Dmagnit-univer%26retailer%3Dmaria-ra%26retailer%3Dmyfasol%26segment%3Dbeer-cider;Пивной напиток Дизель, в ассортименте, 6%, 0,45 л
https://edadeal.ru/barnaul/offers/017e1b1e-4841-52eb-a72a-e93e55707f40?from=%2Fbarnaul%2Foffers%3Fpage%3D1%26retailer%3D5ka%26retailer%3Daniks%26retailer%3Dauchan%26retailer%3Dbristol%26retailer%3Dlenta-giper%26retailer%3Dmagnit-univer%26retailer%3Dmaria-ra%26retailer%3Dmyfasol%26segment%3Dbeer-cider;Пиво КАЛТЕНБЕРГ Роял лагер светлое нефильтрованное 5%/…
https://edadeal.ru/barnaul/offers/491cb3af-b27e-572a-9534-22f8264c5024?from=%2Fbarnaul%2Foffers%3Fpage%3D1%26retailer%3D5ka%26retailer%3Daniks%26retailer%3Dauchan%26retailer%3Dbristol%26retailer%3Dlenta-giper%26retailer%3Dmagnit-univer%26retailer%3Dmaria-ra%26retailer%3Dmyfasol%26segment%3Dbeer-cider;Пиво Staropramen, светлое, 4,2%, 0,45 л
https://edadeal.ru/barnaul/offers/219f3fd1-2dd1-5085-ac3b-ff1d35f5657a?from=%2Fbarnaul%2Foffers%3Fpage%3D1%26retailer%3D5ka%26retailer%3Daniks%26retailer%3Dauchan%26retailer%3Dbristol%26retailer%3Dlenta-giper%26retailer%3Dmagnit-univer%26retailer%3Dmaria-ra%26retailer%3Dmyfasol%26segment%3Dbeer-cider;Пиво ЖИГУЛИ Барное, светлое фильтрованное 4,9%, 0,45 л
https://edadeal.ru/barnaul/offers/28d273d4-6105-5348-bb29-94e17a88a1c4?from=%2Fbarnaul%2Foffers%3Fpage%3D1%26retailer%3D5ka%26retailer%3Daniks%26retailer%3Dauchan%26retailer%3Dbristol%26retailer%3Dlenta-giper%26retailer%3Dmagnit-univer%26retailer%3Dmaria-ra%26retailer%3Dmyfasol%26segment%3Dbeer-cider;Сидр МИСТЕР ЛИС, Яблочный, газированный, 4,5%, 1,1 л
https://edadeal.ru/barnaul/offers/2fc83c59-546b-5fe8-a704-5f724e212c90?from=%2Fbarnaul%2Foffers%3Fpage%3D1%26retailer%3D5ka%26retailer%3Daniks%26retailer%3Dauchan%26retailer%3Dbristol%26retailer%3Dlenta-giper%26retailer%3Dmagnit-univer%26retailer%3Dmaria-ra%26retailer%3Dmyfasol%26segment%3Dbeer-cider;Пиво BUD® Лайт, светлое, пастеризованное 4,1%: Банка,…
https://edadeal.ru/barnaul/offers/187974d4-87d1-5d6a-98ee-91294c58352d?from=%2Fbarnaul%2Foffers%3Fpage%3D1%26retailer%3D5ka%26retailer%3Daniks%26retailer%3Dauchan%26retailer%3Dbristol%26retailer%3Dlenta-giper%26retailer%3Dmagnit-univer%26retailer%3Dmaria-ra%26retailer%3Dmyfasol%26segment%3Dbeer-cider;Напиток пивной СОМЕРСБИ пастеризованный: блэк-берри, 4,6% /…
https://edadeal.ru/barnaul/offers/7e66f73f-c50c-57b6-a716-9d956005bf90?from=%2Fbarnaul%2Foffers%3Fpage%3D1%26retailer%3D5ka%26retailer%3Daniks%26retailer%3Dauchan%26retailer%3Dbristol%26retailer%3Dlenta-giper%26retailer%3Dmagnit-univer%26retailer%3Dmaria-ra%26retailer%3Dmyfasol%26segment%3Dbeer-cider;Пиво Faxe, светллое, 4,9%, 0,45 л
https://edadeal.ru/barnaul/offers/3b4bf02c-2019-51c8-8508-a29c45f9fe93?from=%2Fbarnaul%2Foffers%3Fpage%3D1%26retailer%3D5ka%26retailer%3Daniks%26retailer%3Dauchan%26retailer%3Dbristol%26retailer%3Dlenta-giper%26retailer%3Dmagnit-univer%26retailer%3Dmaria-ra%26retailer%3Dmyfasol%26segment%3Dbeer-cider;Пиво СТАРОПРАМЕН светлое пастеризованное 4,2%: Банка/…
https://edadeal.ru/barnaul/offers/b2d41496-3f1d-56da-a320-0d68f0f2676f?from=%2Fbarnaul%2Foffers%3Fpage%3D1%26retailer%3D5ka%26retailer%3Daniks%26retailer%3Dauchan%26retailer%3Dbristol%26retailer%3Dlenta-giper%26retailer%3Dmagnit-univer%26retailer%3Dmaria-ra%26retailer%3Dmyfasol%26segment%3Dbeer-cider;Пиво Zatecky Gus, светлое, 4,6%, 1,35 л
https://edadeal.ru/barnaul/offers/89632b96-9248-5603-9f9c-a91025a01b52?from=%2Fbarnaul%2Foffers%3Fpage%3D1%26retailer%3D5ka%26retailer%3Daniks%26retailer%3Dauchan%26retailer%3Dbristol%26retailer%3Dlenta-giper%26retailer%3Dmagnit-univer%26retailer%3Dmaria-ra%26retailer%3Dmyfasol%26segment%3Dbeer-cider;Напиток пивной МИЛЛЕР Дженьюин драфт: Бутылка, 0,47л
https://edadeal.ru/barnaul/offers/9f1217f9-c7f0-509d-88cb-18de8d510cac?from=%2Fbarnaul%2Foffers%3Fpage%3D2%26retailer%3D5ka%26retailer%3Daniks%26retailer%3Dauchan%26retailer%3Dbristol%26retailer%3Dlenta-giper%26retailer%3Dmagnit-univer%26retailer%3Dmaria-ra%26retailer%3Dmyfasol%26segment%3Dbeer-cider;Пиво Балтика Мягкое №?7, светлое, 0,95 л
https://edadeal.ru/barnaul/offers/68f59622-13de-54e9-8e3a-edfd2cb68d49?from=%2Fbarnaul%2Foffers%3Fpage%3D2%26retailer%3D5ka%26retailer%3Daniks%26retailer%3Dauchan%26retailer%3Dbristol%26retailer%3Dlenta-giper%26retailer%3Dmagnit-univer%26retailer%3Dmaria-ra%26retailer%3Dmyfasol%26segment%3Dbeer-cider;Пиво BUD®, светлое, 5%: Бутылка, 0,47 л
https://edadeal.ru/barnaul/offers/ce6b1ade-25b7-5b5b-a15d-cdb5ba437783?from=%2Fbarnaul%2Foffers%3Fpage%3D2%26retailer%3D5ka%26retailer%3Daniks%26retailer%3Dauchan%26retailer%3Dbristol%26retailer%3Dlenta-giper%26retailer%3Dmagnit-univer%26retailer%3Dmaria-ra%26retailer%3Dmyfasol%26segment%3Dbeer-cider;ПИВО 0,45 л ст/б манго/красный апельсин, вишня/персик…
https://edadeal.ru/barnaul/offers/5e341e73-c010-5faf-a286-553820a77ada?from=%2Fbarnaul%2Foffers%3Fpage%3D2%26retailer%3D5ka%26retailer%3Daniks%26retailer%3Dauchan%26retailer%3Dbristol%26retailer%3Dlenta-giper%26retailer%3Dmagnit-univer%26retailer%3Dmaria-ra%26retailer%3Dmyfasol%26segment%3Dbeer-cider;Пиво Zlaty Grad, светлое, 4,6%, 0,45 л
https://edadeal.ru/barnaul/offers/aa6d5c78-dd56-5d4f-9b94-f978976ff018?from=%2Fbarnaul%2Foffers%3Fpage%3D2%26retailer%3D5ka%26retailer%3Daniks%26retailer%3Dauchan%26retailer%3Dbristol%26retailer%3Dlenta-giper%26retailer%3Dmagnit-univer%26retailer%3Dmaria-ra%26retailer%3Dmyfasol%26segment%3Dbeer-cider;ПИВО 1,35 л Оригинальное светлое «Чешское»
https://edadeal.ru/barnaul/offers/f3aaaa37-0cfd-5ecf-abeb-a9248130febd?from=%2Fbarnaul%2Foffers%3Fpage%3D2%26retailer%3D5ka%26retailer%3Daniks%26retailer%3Dauchan%26retailer%3Dbristol%26retailer%3Dlenta-giper%26retailer%3Dmagnit-univer%26retailer%3Dmaria-ra%26retailer%3Dmyfasol%26segment%3Dbeer-cider;Пиво Оболонь, светлое, 4,5%, 1,35 л
https://edadeal.ru/barnaul/offers/e4dc4091-283c-5fbe-8170-099453f4e593?from=%2Fbarnaul%2Foffers%3Fpage%3D2%26retailer%3D5ka%26retailer%3Daniks%26retailer%3Dauchan%26retailer%3Dbristol%26retailer%3Dlenta-giper%26retailer%3Dmagnit-univer%26retailer%3Dmaria-ra%26retailer%3Dmyfasol%26segment%3Dbeer-cider;Пиво Мотор Крепкое, светлое, 8%, 0,45 л
https://edadeal.ru/barnaul/offers/e58d5ae9-d6a0-5e25-b6a5-cb0b31209ce9?from=%2Fbarnaul%2Foffers%3Fpage%3D2%26retailer%3D5ka%26retailer%3Daniks%26retailer%3Dauchan%26retailer%3Dbristol%26retailer%3Dlenta-giper%26retailer%3Dmagnit-univer%26retailer%3Dmaria-ra%26retailer%3Dmyfasol%26segment%3Dbeer-cider;Пиво Охота Крепкое, светлое, 8,1%, 1,3 л
https://edadeal.ru/barnaul/offers/e922edae-a923-5fb2-9762-23ae464adc73?from=%2Fbarnaul%2Foffers%3Fpage%3D2%26retailer%3D5ka%26retailer%3Daniks%26retailer%3Dauchan%26retailer%3Dbristol%26retailer%3Dlenta-giper%26retailer%3Dmagnit-univer%26retailer%3Dmaria-ra%26retailer%3Dmyfasol%26segment%3Dbeer-cider;Пиво Жигули Барное, темное; светлое, 4,5-4,9%, 0,45 л
https://edadeal.ru/barnaul/offers/a6d5e20d-d319-5e43-89d2-ce2ed0729cbc?from=%2Fbarnaul%2Foffers%3Fpage%3D2%26retailer%3D5ka%26retailer%3Daniks%26retailer%3Dauchan%26retailer%3Dbristol%26retailer%3Dlenta-giper%26retailer%3Dmagnit-univer%26retailer%3Dmaria-ra%26retailer%3Dmyfasol%26segment%3Dbeer-cider;ПИВО 0,5 л ст/б светлое «Стелла Артуа»
https://edadeal.ru/barnaul/offers/ecfb1fbd-6490-59e5-bfa6-c7c4f1e057af?from=%2Fbarnaul%2Foffers%3Fpage%3D2%26retailer%3D5ka%26retailer%3Daniks%26retailer%3Dauchan%26retailer%3Dbristol%26retailer%3Dlenta-giper%26retailer%3Dmagnit-univer%26retailer%3Dmaria-ra%26retailer%3Dmyfasol%26segment%3Dbeer-cider;Пиво BUD® 66, светлое, пастеризованное 4,3%: Бутылка, 0,47 л
https://edadeal.ru/barnaul/offers/b6e663dd-6475-5816-afa0-1dcd4259506e?from=%2Fbarnaul%2Foffers%3Fpage%3D2%26retailer%3D5ka%26retailer%3Daniks%26retailer%3Dauchan%26retailer%3Dbristol%26retailer%3Dlenta-giper%26retailer%3Dmagnit-univer%26retailer%3Dmaria-ra%26retailer%3Dmyfasol%26segment%3Dbeer-cider;Пиво BUD® 66, светлое, пастеризованное 4,3%: Банка, 0,45 л
https://edadeal.ru/barnaul/offers/22bc9a30-5d80-573b-925f-de9d57de4923?from=%2Fbarnaul%2Foffers%3Fpage%3D2%26retailer%3D5ka%26retailer%3Daniks%26retailer%3Dauchan%26retailer%3Dbristol%26retailer%3Dlenta-giper%26retailer%3Dmagnit-univer%26retailer%3Dmaria-ra%26retailer%3Dmyfasol%26segment%3Dbeer-cider;ПИВО 0,45 л ст/б Оригинальное светлое «Ловенбрау»
https://edadeal.ru/barnaul/offers/94ea4f8c-6407-5952-b1dd-17a6252bec1c?from=%2Fbarnaul%2Foffers%3Fpage%3D2%26retailer%3D5ka%26retailer%3Daniks%26retailer%3Dauchan%26retailer%3Dbristol%26retailer%3Dlenta-giper%26retailer%3Dmagnit-univer%26retailer%3Dmaria-ra%26retailer%3Dmyfasol%26segment%3Dbeer-cider;Напиток Somersby, 4,5%, 0,4 л
https://edadeal.ru/barnaul/offers/0ffd2aa3-0207-54f1-87aa-db0a86172c55?from=%2Fbarnaul%2Foffers%3Fpage%3D2%26retailer%3D5ka%26retailer%3Daniks%26retailer%3Dauchan%26retailer%3Dbristol%26retailer%3Dlenta-giper%26retailer%3Dmagnit-univer%26retailer%3Dmaria-ra%26retailer%3Dmyfasol%26segment%3Dbeer-cider;Пиво ТУБОРГ Грин светлое фильтрованное 4,6%, 1,35 л
https://edadeal.ru/barnaul/offers/4fddf967-09aa-5072-9a16-586cfe7b8a05?from=%2Fbarnaul%2Foffers%3Fpage%3D2%26retailer%3D5ka%26retailer%3Daniks%26retailer%3Dauchan%26retailer%3Dbristol%26retailer%3Dlenta-giper%26retailer%3Dmagnit-univer%26retailer%3Dmaria-ra%26retailer%3Dmyfasol%26segment%3Dbeer-cider;Пиво СТЭНЛИ КУПЕР светлое фильтрованное 4,9% (Германия),…
https://edadeal.ru/barnaul/offers/75c94908-5486-5143-b63e-0ed377d38ef5?from=%2Fbarnaul%2Foffers%3Fpage%3D2%26retailer%3D5ka%26retailer%3Daniks%26retailer%3Dauchan%26retailer%3Dbristol%26retailer%3Dlenta-giper%26retailer%3Dmagnit-univer%26retailer%3Dmaria-ra%26retailer%3Dmyfasol%26segment%3Dbeer-cider;Пиво Балтика №?3, классическое, 4,8%, 0,45 л
https://edadeal.ru/barnaul/offers/e99cb1d6-df2a-5150-9f38-95064e2bc8dc?from=%2Fbarnaul%2Foffers%3Fpage%3D2%26retailer%3D5ka%26retailer%3Daniks%26retailer%3Dauchan%26retailer%3Dbristol%26retailer%3Dlenta-giper%26retailer%3Dmagnit-univer%26retailer%3Dmaria-ra%26retailer%3Dmyfasol%26segment%3Dbeer-cider;Пиво ОХОТА Крепкое, светлое пастеризованное 8,1%, 1,3 л
https://edadeal.ru/barnaul/offers/d905fd40-23ad-53d1-873c-bdbaaf2a0bfd?from=%2Fbarnaul%2Foffers%3Fpage%3D2%26retailer%3D5ka%26retailer%3Daniks%26retailer%3Dauchan%26retailer%3Dbristol%26retailer%3Dlenta-giper%26retailer%3Dmagnit-univer%26retailer%3Dmaria-ra%26retailer%3Dmyfasol%26segment%3Dbeer-cider;Пиво КЛИНСКОЕ светлое, 4,7%, 1,3 л
https://edadeal.ru/barnaul/offers/850c65a4-d200-5bc9-9ee1-4d2eddefbdf3?from=%2Fbarnaul%2Foffers%3Fpage%3D2%26retailer%3D5ka%26retailer%3Daniks%26retailer%3Dauchan%26retailer%3Dbristol%26retailer%3Dlenta-giper%26retailer%3Dmagnit-univer%26retailer%3Dmaria-ra%26retailer%3Dmyfasol%26segment%3Dbeer-cider;Пиво BUD®, светлое, 5%: Банка, 0,45 л
https://edadeal.ru/barnaul/offers/f533eebc-0ac3-5680-b772-0500fd8ad304?from=%2Fbarnaul%2Foffers%3Fpage%3D2%26retailer%3D5ka%26retailer%3Daniks%26retailer%3Dauchan%26retailer%3Dbristol%26retailer%3Dlenta-giper%26retailer%3Dmagnit-univer%26retailer%3Dmaria-ra%26retailer%3Dmyfasol%26segment%3Dbeer-cider;Пиво Zlaty Grad, светлое, 4,6%, 0,45 л
https://edadeal.ru/barnaul/offers/a094dc4e-69f6-5447-92a0-884865b16672?from=%2Fbarnaul%2Foffers%3Fpage%3D2%26retailer%3D5ka%26retailer%3Daniks%26retailer%3Dauchan%26retailer%3Dbristol%26retailer%3Dlenta-giper%26retailer%3Dmagnit-univer%26retailer%3Dmaria-ra%26retailer%3Dmyfasol%26segment%3Dbeer-cider;ПИВО 0,45 л ст/б светлое «Старопрамен»
https://edadeal.ru/barnaul/offers/ed329bfc-b08e-5406-ac23-e318580a6383?from=%2Fbarnaul%2Foffers%3Fpage%3D2%26retailer%3D5ka%26retailer%3Daniks%26retailer%3Dauchan%26retailer%3Dbristol%26retailer%3Dlenta-giper%26retailer%3Dmagnit-univer%26retailer%3Dmaria-ra%26retailer%3Dmyfasol%26segment%3Dbeer-cider;ПИВО 1,3 л светлое «Охота Крепкое»
https://edadeal.ru/barnaul/offers/9988e917-d520-5619-a66c-df136cad02fa?from=%2Fbarnaul%2Foffers%3Fpage%3D2%26retailer%3D5ka%26retailer%3Daniks%26retailer%3Dauchan%26retailer%3Dbristol%26retailer%3Dlenta-giper%26retailer%3Dmagnit-univer%26retailer%3Dmaria-ra%26retailer%3Dmyfasol%26segment%3Dbeer-cider;ПИВО 0,45 л ст/б Пилснер светлое «Амстел Премиум»
https://edadeal.ru/barnaul/offers/06a31824-cbbc-5c25-a120-c3e1c04187d8?from=%2Fbarnaul%2Foffers%3Fpage%3D2%26retailer%3D5ka%26retailer%3Daniks%26retailer%3Dauchan%26retailer%3Dbristol%26retailer%3Dlenta-giper%26retailer%3Dmagnit-univer%26retailer%3Dmaria-ra%26retailer%3Dmyfasol%26segment%3Dbeer-cider;ПИВО 0,44 л ст/б, 0,45 л ж/б Мягкое «Балтика 7»
https://edadeal.ru/barnaul/offers/3bf704bc-ca29-5097-b16a-2f50c1e7da2c?from=%2Fbarnaul%2Foffers%3Fpage%3D2%26retailer%3D5ka%26retailer%3Daniks%26retailer%3Dauchan%26retailer%3Dbristol%26retailer%3Dlenta-giper%26retailer%3Dmagnit-univer%26retailer%3Dmaria-ra%26retailer%3Dmyfasol%26segment%3Dbeer-cider;Пиво «Таркос» Белый кролик светлое нефильтрованное 4,8%,…
https://edadeal.ru/barnaul/offers/bda2013e-b660-56bf-a237-44529585b8fd?from=%2Fbarnaul%2Foffers%3Fpage%3D2%26retailer%3D5ka%26retailer%3Daniks%26retailer%3Dauchan%26retailer%3Dbristol%26retailer%3Dlenta-giper%26retailer%3Dmagnit-univer%26retailer%3Dmaria-ra%26retailer%3Dmyfasol%26segment%3Dbeer-cider;Пиво «Дуб и обруч» Бочковое Живое светлое фильтрованное…
https://edadeal.ru/barnaul/offers/4b6fa62d-ec72-5fc7-bbf1-2226789c79c0?from=%2Fbarnaul%2Foffers%3Fpage%3D2%26retailer%3D5ka%26retailer%3Daniks%26retailer%3Dauchan%26retailer%3Dbristol%26retailer%3Dlenta-giper%26retailer%3Dmagnit-univer%26retailer%3Dmaria-ra%26retailer%3Dmyfasol%26segment%3Dbeer-cider;Пиво «Вятич» Классическое светлое фильтрованное 4,9%, 1,5 л
https://edadeal.ru/barnaul/offers/7459fbfb-5f88-5e8c-bcf0-0c0c30fc072f?from=%2Fbarnaul%2Foffers%3Fpage%3D2%26retailer%3D5ka%26retailer%3Daniks%26retailer%3Dauchan%26retailer%3Dbristol%26retailer%3Dlenta-giper%26retailer%3Dmagnit-univer%26retailer%3Dmaria-ra%26retailer%3Dmyfasol%26segment%3Dbeer-cider;Пиво «Батино пиво» светлое фильтрованное 4%, 1,4 л
https://edadeal.ru/barnaul/offers/eb7f6898-4dc0-55b9-b519-33938b8e2606?from=%2Fbarnaul%2Foffers%3Fpage%3D2%26retailer%3D5ka%26retailer%3Daniks%26retailer%3Dauchan%26retailer%3Dbristol%26retailer%3Dlenta-giper%26retailer%3Dmagnit-univer%26retailer%3Dmaria-ra%26retailer%3Dmyfasol%26segment%3Dbeer-cider;Пиво «Новосибирская Пивоваренная Компания» Немецкое светлое…
https://edadeal.ru/barnaul/offers/87e7acc0-3665-52c8-9087-383f83d9c61b?from=%2Fbarnaul%2Foffers%3Fpage%3D3%26retailer%3D5ka%26retailer%3Daniks%26retailer%3Dauchan%26retailer%3Dbristol%26retailer%3Dlenta-giper%26retailer%3Dmagnit-univer%26retailer%3Dmaria-ra%26retailer%3Dmyfasol%26segment%3Dbeer-cider;Пивной напиток «Таркос» Double Cherry Специальный…
https://edadeal.ru/barnaul/offers/98b02ee4-df99-53a7-906d-7f898908cde8?from=%2Fbarnaul%2Foffers%3Fpage%3D3%26retailer%3D5ka%26retailer%3Daniks%26retailer%3Dauchan%26retailer%3Dbristol%26retailer%3Dlenta-giper%26retailer%3Dmagnit-univer%26retailer%3Dmaria-ra%26retailer%3Dmyfasol%26segment%3Dbeer-cider;Пиво «Таркос» Синяя гусеница светлое нефильтрованное 6,6%,…
https://edadeal.ru/barnaul/offers/38406c97-eec4-5e32-adc8-61e212660c08?from=%2Fbarnaul%2Foffers%3Fpage%3D3%26retailer%3D5ka%26retailer%3Daniks%26retailer%3Dauchan%26retailer%3Dbristol%26retailer%3Dlenta-giper%26retailer%3Dmagnit-univer%26retailer%3Dmaria-ra%26retailer%3Dmyfasol%26segment%3Dbeer-cider;Напиток пивной ZATECKY GUS Жатецкий Гусь Черный темное…
https://edadeal.ru/barnaul/offers/1e00c6a7-a42c-5ada-a811-1f1fdf84829d?from=%2Fbarnaul%2Foffers%3Fpage%3D3%26retailer%3D5ka%26retailer%3Daniks%26retailer%3Dauchan%26retailer%3Dbristol%26retailer%3Dlenta-giper%26retailer%3Dmagnit-univer%26retailer%3Dmaria-ra%26retailer%3Dmyfasol%26segment%3Dbeer-cider;Пиво «Форштадт Бревери» Жигулевское светлое 4,1%, 470 мл
https://edadeal.ru/barnaul/offers/18dc600c-72e9-51cd-84ed-07796dc1b07e?from=%2Fbarnaul%2Foffers%3Fpage%3D3%26retailer%3D5ka%26retailer%3Daniks%26retailer%3Dauchan%26retailer%3Dbristol%26retailer%3Dlenta-giper%26retailer%3Dmagnit-univer%26retailer%3Dmaria-ra%26retailer%3Dmyfasol%26segment%3Dbeer-cider;Пиво Warsteiner Premium beer светлое фильтрованное 4,8%, 5 л
https://edadeal.ru/barnaul/offers/b892aef3-d5cb-5c0e-98cd-230358183334?from=%2Fbarnaul%2Foffers%3Fpage%3D3%26retailer%3D5ka%26retailer%3Daniks%26retailer%3Dauchan%26retailer%3Dbristol%26retailer%3Dlenta-giper%26retailer%3Dmagnit-univer%26retailer%3Dmaria-ra%26retailer%3Dmyfasol%26segment%3Dbeer-cider;Пиво Krusovice Royal светлое фильтрованное 4,2%, 450 мл
https://edadeal.ru/barnaul/offers/3e7a5bf6-117c-53a4-ac5c-8a5066a499ae?from=%2Fbarnaul%2Foffers%3Fpage%3D3%26retailer%3D5ka%26retailer%3Daniks%26retailer%3Dauchan%26retailer%3Dbristol%26retailer%3Dlenta-giper%26retailer%3Dmagnit-univer%26retailer%3Dmaria-ra%26retailer%3Dmyfasol%26segment%3Dbeer-cider;Сидр Highbliss сладкий газированный светлый 5,9%, 1 л
https://edadeal.ru/barnaul/offers/6007072f-b08e-571c-8ae0-aa630fdba6c3?from=%2Fbarnaul%2Foffers%3Fpage%3D3%26retailer%3D5ka%26retailer%3Daniks%26retailer%3Dauchan%26retailer%3Dbristol%26retailer%3Dlenta-giper%26retailer%3Dmagnit-univer%26retailer%3Dmaria-ra%26retailer%3Dmyfasol%26segment%3Dbeer-cider;Пиво ZATECKY GUS Традиционное светлое алк.4,6% ст., Россия,…
https://edadeal.ru/barnaul/offers/ce9b459e-2e4f-5c79-aa18-8b78a5cf7b55?from=%2Fbarnaul%2Foffers%3Fpage%3D3%26retailer%3D5ka%26retailer%3Daniks%26retailer%3Dauchan%26retailer%3Dbristol%26retailer%3Dlenta-giper%26retailer%3Dmagnit-univer%26retailer%3Dmaria-ra%26retailer%3Dmyfasol%26segment%3Dbeer-cider;Пиво «Форштадт Бревери» Форштадское резаное светлое 4,7%,…
https://edadeal.ru/barnaul/offers/6e43eb76-e9f5-5d60-b921-d1fd64e5a981?from=%2Fbarnaul%2Foffers%3Fpage%3D3%26retailer%3D5ka%26retailer%3Daniks%26retailer%3Dauchan%26retailer%3Dbristol%26retailer%3Dlenta-giper%26retailer%3Dmagnit-univer%26retailer%3Dmaria-ra%26retailer%3Dmyfasol%26segment%3Dbeer-cider;Пивной напиток Garage Lemon Seth and Riley's 4,6%, 440 мл
https://edadeal.ru/barnaul/offers/7ff15496-2c41-5b23-b384-17bb7cde3561?from=%2Fbarnaul%2Foffers%3Fpage%3D3%26retailer%3D5ka%26retailer%3Daniks%26retailer%3Dauchan%26retailer%3Dbristol%26retailer%3Dlenta-giper%26retailer%3Dmagnit-univer%26retailer%3Dmaria-ra%26retailer%3Dmyfasol%26segment%3Dbeer-cider;Пиво ХАМОВНИКИ Чешское светлое пастер. фильтр. алк.3,7% ст.,…
https://edadeal.ru/barnaul/offers/cd530d59-8195-5c28-88b2-02b7283096c3?from=%2Fbarnaul%2Foffers%3Fpage%3D3%26retailer%3D5ka%26retailer%3Daniks%26retailer%3Dauchan%26retailer%3Dbristol%26retailer%3Dlenta-giper%26retailer%3Dmagnit-univer%26retailer%3Dmaria-ra%26retailer%3Dmyfasol%26segment%3Dbeer-cider;Пивной напиток Seth and Riley's Garage Lingonberry 4,6,…
https://edadeal.ru/barnaul/offers/cf97ca42-6dee-5626-91c9-22a2011bc2c0?from=%2Fbarnaul%2Foffers%3Fpage%3D3%26retailer%3D5ka%26retailer%3Daniks%26retailer%3Dauchan%26retailer%3Dbristol%26retailer%3Dlenta-giper%26retailer%3Dmagnit-univer%26retailer%3Dmaria-ra%26retailer%3Dmyfasol%26segment%3Dbeer-cider;Пивной напиток Garage Hard Black Cherry Drink 4,6%, 440 мл
https://edadeal.ru/barnaul/offers/3cfc2588-9caa-5ffa-8117-e872d748d63e?from=%2Fbarnaul%2Foffers%3Fpage%3D3%26retailer%3D5ka%26retailer%3Daniks%26retailer%3Dauchan%26retailer%3Dbristol%26retailer%3Dlenta-giper%26retailer%3Dmagnit-univer%26retailer%3Dmaria-ra%26retailer%3Dmyfasol%26segment%3Dbeer-cider;Пивной напиток «Сибирская Корона» Лайм светлое…
https://edadeal.ru/barnaul/offers/827e45ea-001f-5460-bd11-8595cd5f4a0a?from=%2Fbarnaul%2Foffers%3Fpage%3D3%26retailer%3D5ka%26retailer%3Daniks%26retailer%3Dauchan%26retailer%3Dbristol%26retailer%3Dlenta-giper%26retailer%3Dmagnit-univer%26retailer%3Dmaria-ra%26retailer%3Dmyfasol%26segment%3Dbeer-cider;Пиво Tuborg Green светлое фильтрованное 4,6%, 1,35 л
https://edadeal.ru/barnaul/offers/366ef778-e074-5e88-805d-faa164f93665?from=%2Fbarnaul%2Foffers%3Fpage%3D3%26retailer%3D5ka%26retailer%3Daniks%26retailer%3Dauchan%26retailer%3Dbristol%26retailer%3Dlenta-giper%26retailer%3Dmagnit-univer%26retailer%3Dmaria-ra%26retailer%3Dmyfasol%26segment%3Dbeer-cider;Пиво «Сибирская Корона» Классическое светлое фильтрованное…
https://edadeal.ru/barnaul/offers/e0dc3a2c-89c6-593f-a06c-4d0effcd048a?from=%2Fbarnaul%2Foffers%3Fpage%3D3%26retailer%3D5ka%26retailer%3Daniks%26retailer%3Dauchan%26retailer%3Dbristol%26retailer%3Dlenta-giper%26retailer%3Dmagnit-univer%26retailer%3Dmaria-ra%26retailer%3Dmyfasol%26segment%3Dbeer-cider;Пиво ХАМОВНИКИ Пшеничное светлое нефильтр. пастер. неосветл.…
https://edadeal.ru/barnaul/offers/73311b0e-52b4-538c-8da4-add304b391e0?from=%2Fbarnaul%2Foffers%3Fpage%3D3%26retailer%3D5ka%26retailer%3Daniks%26retailer%3Dauchan%26retailer%3Dbristol%26retailer%3Dlenta-giper%26retailer%3Dmagnit-univer%26retailer%3Dmaria-ra%26retailer%3Dmyfasol%26segment%3Dbeer-cider;Пиво Kronenburg Blanc светлое нефильтрованное 4,5%, 460 мл
https://edadeal.ru/barnaul/offers/fc0fa82d-9655-5bd1-ab04-32e4a504aec7?from=%2Fbarnaul%2Foffers%3Fpage%3D3%26retailer%3D5ka%26retailer%3Daniks%26retailer%3Dauchan%26retailer%3Dbristol%26retailer%3Dlenta-giper%26retailer%3Dmagnit-univer%26retailer%3Dmaria-ra%26retailer%3Dmyfasol%26segment%3Dbeer-cider;Пиво «Форштадт Бревери» Fox Lager светлое 4,2%, 470 мл
https://edadeal.ru/barnaul/offers/bf40fd08-fde2-5c4f-8dfa-b0c6c3832b0a?from=%2Fbarnaul%2Foffers%3Fpage%3D3%26retailer%3D5ka%26retailer%3Daniks%26retailer%3Dauchan%26retailer%3Dbristol%26retailer%3Dlenta-giper%26retailer%3Dmagnit-univer%26retailer%3Dmaria-ra%26retailer%3Dmyfasol%26segment%3Dbeer-cider;Пиво «Форштадт Бревери» Форштадское пшеничное 4,8%, 470 мл
https://edadeal.ru/barnaul/offers/09e73bc7-6fb4-52b2-b883-f8dc9e58150b?from=%2Fbarnaul%2Foffers%3Fpage%3D3%26retailer%3D5ka%26retailer%3Daniks%26retailer%3Dauchan%26retailer%3Dbristol%26retailer%3Dlenta-giper%26retailer%3Dmagnit-univer%26retailer%3Dmaria-ra%26retailer%3Dmyfasol%26segment%3Dbeer-cider;Пиво «Новосибирская Пивоваренная Компания» Чешское светлое…
https://edadeal.ru/barnaul/offers/73a0a5a0-e4ac-5f31-a02b-df21cd7fefdc?from=%2Fbarnaul%2Foffers%3Fpage%3D3%26retailer%3D5ka%26retailer%3Daniks%26retailer%3Dauchan%26retailer%3Dbristol%26retailer%3Dlenta-giper%26retailer%3Dmagnit-univer%26retailer%3Dmaria-ra%26retailer%3Dmyfasol%26segment%3Dbeer-cider;Пиво Bud светлое фильтрованное 5%, 470 мл
https://edadeal.ru/barnaul/offers/f436dcaa-7480-569c-93ea-e338ac1fb9d5?from=%2Fbarnaul%2Foffers%3Fpage%3D3%26retailer%3D5ka%26retailer%3Daniks%26retailer%3Dauchan%26retailer%3Dbristol%26retailer%3Dlenta-giper%26retailer%3Dmagnit-univer%26retailer%3Dmaria-ra%26retailer%3Dmyfasol%26segment%3Dbeer-cider;Пиво ЛЕЩ светлое фильтр. пастер. алк.4,5% ж/б, Россия, 0.45…
https://edadeal.ru/barnaul/offers/7130eed6-3b93-5ab8-8458-58e9c553db87?from=%2Fbarnaul%2Foffers%3Fpage%3D3%26retailer%3D5ka%26retailer%3Daniks%26retailer%3Dauchan%26retailer%3Dbristol%26retailer%3Dlenta-giper%26retailer%3Dmagnit-univer%26retailer%3Dmaria-ra%26retailer%3Dmyfasol%26segment%3Dbeer-cider;Пиво имп. KAROLINGER PILSNER PREMIUM СВЕТЛ. ФИЛЬТР. ПАСТЕР.…
https://edadeal.ru/barnaul/offers/897d3040-7553-5194-9bfe-39cc13997508?from=%2Fbarnaul%2Foffers%3Fpage%3D3%26retailer%3D5ka%26retailer%3Daniks%26retailer%3Dauchan%26retailer%3Dbristol%26retailer%3Dlenta-giper%26retailer%3Dmagnit-univer%26retailer%3Dmaria-ra%26retailer%3Dmyfasol%26segment%3Dbeer-cider;Сидр STRONGBOW Розе п/сл. пастер. газ. алк.5% ст., Россия,…
https://edadeal.ru/barnaul/offers/d841550b-ff83-5d2c-9177-88016c43d52b?from=%2Fbarnaul%2Foffers%3Fpage%3D3%26retailer%3D5ka%26retailer%3Daniks%26retailer%3Dauchan%26retailer%3Dbristol%26retailer%3Dlenta-giper%26retailer%3Dmagnit-univer%26retailer%3Dmaria-ra%26retailer%3Dmyfasol%26segment%3Dbeer-cider;Напиток пивной AMSTERDAM Навигатор светлое пастер. алк.7,00%…
https://edadeal.ru/barnaul/offers/1c8a82e2-cd41-5b8f-a457-3a8b28956b9f?from=%2Fbarnaul%2Foffers%3Fpage%3D3%26retailer%3D5ka%26retailer%3Daniks%26retailer%3Dauchan%26retailer%3Dbristol%26retailer%3Dlenta-giper%26retailer%3Dmagnit-univer%26retailer%3Dmaria-ra%26retailer%3Dmyfasol%26segment%3Dbeer-cider;Напиток пивной ДОКТОР ДИЗЕЛЬ Манго-Апельсин пастер. алк.6,0%…
https://edadeal.ru/barnaul/offers/067811fb-f619-5a11-bad8-d6e527b59ba3?from=%2Fbarnaul%2Foffers%3Fpage%3D3%26retailer%3D5ka%26retailer%3Daniks%26retailer%3Dauchan%26retailer%3Dbristol%26retailer%3Dlenta-giper%26retailer%3Dmagnit-univer%26retailer%3Dmaria-ra%26retailer%3Dmyfasol%26segment%3Dbeer-cider;Пивной Напиток Хугарден Белое, 0,45л
https://edadeal.ru/barnaul/offers/2aefab01-78a5-51ec-a734-3d4324bee7cc?from=%2Fbarnaul%2Foffers%3Fpage%3D3%26retailer%3D5ka%26retailer%3Daniks%26retailer%3Dauchan%26retailer%3Dbristol%26retailer%3Dlenta-giper%26retailer%3Dmagnit-univer%26retailer%3Dmaria-ra%26retailer%3Dmyfasol%26segment%3Dbeer-cider;Пиво Tuborg Green, светлое, 4,6%, 1,35 л
https://edadeal.ru/barnaul/offers/9fba12a9-3c66-5f8e-a605-ac850b026b31?from=%2Fbarnaul%2Foffers%3Fpage%3D3%26retailer%3D5ka%26retailer%3Daniks%26retailer%3Dauchan%26retailer%3Dbristol%26retailer%3Dlenta-giper%26retailer%3Dmagnit-univer%26retailer%3Dmaria-ra%26retailer%3Dmyfasol%26segment%3Dbeer-cider;Пиво ХАМОВНИКИ Пильзенское светлое пастер. фильтр. алк.4,8%…
https://edadeal.ru/barnaul/offers/d1720110-6ea0-5a9c-bf23-1b2c36186dfd?from=%2Fbarnaul%2Foffers%3Fpage%3D4%26retailer%3D5ka%26retailer%3Daniks%26retailer%3Dauchan%26retailer%3Dbristol%26retailer%3Dlenta-giper%26retailer%3Dmagnit-univer%26retailer%3Dmaria-ra%26retailer%3Dmyfasol%26segment%3Dbeer-cider;Пиво THRON LAGER Светлое фильтр. пастер. алк.5,00% ж/б,…
https://edadeal.ru/barnaul/offers/4b2887b9-6542-5eba-bcea-08bca00af508?from=%2Fbarnaul%2Foffers%3Fpage%3D4%26retailer%3D5ka%26retailer%3Daniks%26retailer%3Dauchan%26retailer%3Dbristol%26retailer%3Dlenta-giper%26retailer%3Dmagnit-univer%26retailer%3Dmaria-ra%26retailer%3Dmyfasol%26segment%3Dbeer-cider;Пиво KRUSOVICE Cerne темное пастер. алк.4,1% ст., Россия,…
https://edadeal.ru/barnaul/offers/ac70b58f-bb8d-5f6f-941f-461253f954cf?from=%2Fbarnaul%2Foffers%3Fpage%3D4%26retailer%3D5ka%26retailer%3Daniks%26retailer%3Dauchan%26retailer%3Dbristol%26retailer%3Dlenta-giper%26retailer%3Dmagnit-univer%26retailer%3Dmaria-ra%26retailer%3Dmyfasol%26segment%3Dbeer-cider;Пиво Бессер Пилс, Светлое, 1,35л
https://edadeal.ru/barnaul/offers/1e10c2f2-4042-51a3-82b8-51df028866cd?from=%2Fbarnaul%2Foffers%3Fpage%3D4%26retailer%3D5ka%26retailer%3Daniks%26retailer%3Dauchan%26retailer%3Dbristol%26retailer%3Dlenta-giper%26retailer%3Dmagnit-univer%26retailer%3Dmaria-ra%26retailer%3Dmyfasol%26segment%3Dbeer-cider;Пиво Хамовники Пильзенское; Венское, светлое, 4,5-4,8%,…
https://edadeal.ru/barnaul/offers/3b508133-7cd3-5a65-b8c5-02aad4751a6e?from=%2Fbarnaul%2Foffers%3Fpage%3D4%26retailer%3D5ka%26retailer%3Daniks%26retailer%3Dauchan%26retailer%3Dbristol%26retailer%3Dlenta-giper%26retailer%3Dmagnit-univer%26retailer%3Dmaria-ra%26retailer%3Dmyfasol%26segment%3Dbeer-cider;Пиво имп. KAROLINGER HEFE-WEISSBIER NATURTRUB СВЕТЛ.…
https://edadeal.ru/barnaul/offers/d1df28eb-cee3-5ea9-af34-687044628a47?from=%2Fbarnaul%2Foffers%3Fpage%3D4%26retailer%3D5ka%26retailer%3Daniks%26retailer%3Dauchan%26retailer%3Dbristol%26retailer%3Dlenta-giper%26retailer%3Dmagnit-univer%26retailer%3Dmaria-ra%26retailer%3Dmyfasol%26segment%3Dbeer-cider;Пиво Holsten Premium, светлое, 4,8%, 0,45-0,47 л
https://edadeal.ru/barnaul/offers/f5130223-9b6b-5aef-bc00-67857ac8d8ee?from=%2Fbarnaul%2Foffers%3Fpage%3D4%26retailer%3D5ka%26retailer%3Daniks%26retailer%3Dauchan%26retailer%3Dbristol%26retailer%3Dlenta-giper%26retailer%3Dmagnit-univer%26retailer%3Dmaria-ra%26retailer%3Dmyfasol%26segment%3Dbeer-cider;Пиво GROLSCH Premium Lager светлое пастер. алк.4,9% ст.,…
https://edadeal.ru/barnaul/offers/3d9d0a79-3c36-5969-b2ca-0453abf999a5?from=%2Fbarnaul%2Foffers%3Fpage%3D4%26retailer%3D5ka%26retailer%3Daniks%26retailer%3Dauchan%26retailer%3Dbristol%26retailer%3Dlenta-giper%26retailer%3Dmagnit-univer%26retailer%3Dmaria-ra%26retailer%3Dmyfasol%26segment%3Dbeer-cider;Пиво Dark Czech Inn, темное, 4,7%, 0,5 л
https://edadeal.ru/barnaul/offers/a3974b3f-a076-57f3-80b2-09aff562d079?from=%2Fbarnaul%2Foffers%3Fpage%3D4%26retailer%3D5ka%26retailer%3Daniks%26retailer%3Dauchan%26retailer%3Dbristol%26retailer%3Dlenta-giper%26retailer%3Dmagnit-univer%26retailer%3Dmaria-ra%26retailer%3Dmyfasol%26segment%3Dbeer-cider;Напиток пивной ДОКТОР ДИЗЕЛЬ Киви-Лайм пастер. алк.6,0% ст.,…
https://edadeal.ru/barnaul/offers/d13b6754-b9a6-5917-bd7b-77c3d4ce8bc0?from=%2Fbarnaul%2Foffers%3Fpage%3D4%26retailer%3D5ka%26retailer%3Daniks%26retailer%3Dauchan%26retailer%3Dbristol%26retailer%3Dlenta-giper%26retailer%3Dmagnit-univer%26retailer%3Dmaria-ra%26retailer%3Dmyfasol%26segment%3Dbeer-cider;Пиво STANLEY COOPER светлое фильтр. пастер. алк.4,9% ж/б,…
https://edadeal.ru/barnaul/offers/0e9dd4f5-aac3-5a8b-ba04-f0e79bf99b20?from=%2Fbarnaul%2Foffers%3Fpage%3D4%26retailer%3D5ka%26retailer%3Daniks%26retailer%3Dauchan%26retailer%3Dbristol%26retailer%3Dlenta-giper%26retailer%3Dmagnit-univer%26retailer%3Dmaria-ra%26retailer%3Dmyfasol%26segment%3Dbeer-cider;Пиво GROLSCH Premium Lager светлое алк.4,9% ж/б, Россия,…
https://edadeal.ru/barnaul/offers/dd37d846-4599-577a-84cd-a10f24ce0899?from=%2Fbarnaul%2Foffers%3Fpage%3D4%26retailer%3D5ka%26retailer%3Daniks%26retailer%3Dauchan%26retailer%3Dbristol%26retailer%3Dlenta-giper%26retailer%3Dmagnit-univer%26retailer%3Dmaria-ra%26retailer%3Dmyfasol%26segment%3Dbeer-cider;Пиво Holsten Premium Светл. Фильтр. Пастер. Ст/б. 0,47л
https://edadeal.ru/barnaul/offers/df9283d8-bbe1-5afe-b30f-251ae376061c?from=%2Fbarnaul%2Foffers%3Fpage%3D4%26retailer%3D5ka%26retailer%3Daniks%26retailer%3Dauchan%26retailer%3Dbristol%26retailer%3Dlenta-giper%26retailer%3Dmagnit-univer%26retailer%3Dmaria-ra%26retailer%3Dmyfasol%26segment%3Dbeer-cider;Пиво Варим сусло, светлое, 4,9%, 1,5 л
https://edadeal.ru/barnaul/offers/95cf0994-8dbd-5d48-bf42-599925b22fee?from=%2Fbarnaul%2Foffers%3Fpage%3D4%26retailer%3D5ka%26retailer%3Daniks%26retailer%3Dauchan%26retailer%3Dbristol%26retailer%3Dlenta-giper%26retailer%3Dmagnit-univer%26retailer%3Dmaria-ra%26retailer%3Dmyfasol%26segment%3Dbeer-cider;Пиво «Сибирская Корона» крепкое фильтрованное 8,3%, 450 мл
https://edadeal.ru/barnaul/offers/fb3b10eb-829e-55dc-96db-af36b0e57560?from=%2Fbarnaul%2Foffers%3Fpage%3D4%26retailer%3D5ka%26retailer%3Daniks%26retailer%3Dauchan%26retailer%3Dbristol%26retailer%3Dlenta-giper%26retailer%3Dmagnit-univer%26retailer%3Dmaria-ra%26retailer%3Dmyfasol%26segment%3Dbeer-cider;Пиво имп. WILLIANBRAU PREMIUM PILS СВЕТЛ. ФИЛЬТР. ПАСТЕР.…
https://edadeal.ru/barnaul/offers/cfca472d-fe18-5495-a61d-beda389f5444?from=%2Fbarnaul%2Foffers%3Fpage%3D4%26retailer%3D5ka%26retailer%3Daniks%26retailer%3Dauchan%26retailer%3Dbristol%26retailer%3Dlenta-giper%26retailer%3Dmagnit-univer%26retailer%3Dmaria-ra%26retailer%3Dmyfasol%26segment%3Dbeer-cider;Пиво Мазай, Светлое, 0,5л
https://edadeal.ru/barnaul/offers/f15a91b5-3ada-5db3-8e0a-04e404c59cd0?from=%2Fbarnaul%2Foffers%3Fpage%3D4%26retailer%3D5ka%26retailer%3Daniks%26retailer%3Dauchan%26retailer%3Dbristol%26retailer%3Dlenta-giper%26retailer%3Dmagnit-univer%26retailer%3Dmaria-ra%26retailer%3Dmyfasol%26segment%3Dbeer-cider;Пиво Bakalar Za Studena Chelemy светлое фильтрованное 5,2%,…
https://edadeal.ru/barnaul/offers/c513e6eb-c50a-565d-bf81-3ac22937d974?from=%2Fbarnaul%2Foffers%3Fpage%3D4%26retailer%3D5ka%26retailer%3Daniks%26retailer%3Dauchan%26retailer%3Dbristol%26retailer%3Dlenta-giper%26retailer%3Dmagnit-univer%26retailer%3Dmaria-ra%26retailer%3Dmyfasol%26segment%3Dbeer-cider;Пиво Хейнекен, Светлое, 0,43л
https://edadeal.ru/barnaul/offers/8004654a-204c-5b08-9418-bbd1d83987f6?from=%2Fbarnaul%2Foffers%3Fpage%3D4%26retailer%3D5ka%26retailer%3Daniks%26retailer%3Dauchan%26retailer%3Dbristol%26retailer%3Dlenta-giper%26retailer%3Dmagnit-univer%26retailer%3Dmaria-ra%26retailer%3Dmyfasol%26segment%3Dbeer-cider;Пиво имп. KAROLINGER RUHRSTADT LAGER СВЕТЛ. ФИЛЬТР. ПАСТЕР.…
https://edadeal.ru/barnaul/offers/bf875c5c-7484-5126-a456-56442ee3bf25?from=%2Fbarnaul%2Foffers%3Fpage%3D4%26retailer%3D5ka%26retailer%3Daniks%26retailer%3Dauchan%26retailer%3Dbristol%26retailer%3Dlenta-giper%26retailer%3Dmagnit-univer%26retailer%3Dmaria-ra%26retailer%3Dmyfasol%26segment%3Dbeer-cider;Пиво EFES Pilsener светлое пастер. алк.5% ж/б, Россия, 0.45…
https://edadeal.ru/barnaul/offers/eef2d1c9-ca4a-54c2-afaf-1279bcc3c51f?from=%2Fbarnaul%2Foffers%3Fpage%3D4%26retailer%3D5ka%26retailer%3Daniks%26retailer%3Dauchan%26retailer%3Dbristol%26retailer%3Dlenta-giper%26retailer%3Dmagnit-univer%26retailer%3Dmaria-ra%26retailer%3Dmyfasol%26segment%3Dbeer-cider;Пиво имп. WILLIANBRAU WEIZEN СВЕТЛ. НЕФИЛЬТР. ПАСТЕР. Ж/Б.…
https://edadeal.ru/barnaul/offers/ca284f48-ff70-5cff-bb5f-ff976466ebe3?from=%2Fbarnaul%2Foffers%3Fpage%3D4%26retailer%3D5ka%26retailer%3Daniks%26retailer%3Dauchan%26retailer%3Dbristol%26retailer%3Dlenta-giper%26retailer%3Dmagnit-univer%26retailer%3Dmaria-ra%26retailer%3Dmyfasol%26segment%3Dbeer-cider;Сидр STRONGBOW Gold Apple сладкий газ. алк.4,5% ст., Россия,…
https://edadeal.ru/barnaul/offers/cec60cbf-8614-5725-9895-1f41b6ceadcf?from=%2Fbarnaul%2Foffers%3Fpage%3D4%26retailer%3D5ka%26retailer%3Daniks%26retailer%3Dauchan%26retailer%3Dbristol%26retailer%3Dlenta-giper%26retailer%3Dmagnit-univer%26retailer%3Dmaria-ra%26retailer%3Dmyfasol%26segment%3Dbeer-cider;Пиво Kronenburg светлое фильтрованное 4,5%, 460 мл
https://edadeal.ru/barnaul/offers/27c5501b-42d3-58d8-870b-7243fe789ce2?from=%2Fbarnaul%2Foffers%3Fpage%3D4%26retailer%3D5ka%26retailer%3Daniks%26retailer%3Dauchan%26retailer%3Dbristol%26retailer%3Dlenta-giper%26retailer%3Dmagnit-univer%26retailer%3Dmaria-ra%26retailer%3Dmyfasol%26segment%3Dbeer-cider;Пиво Петрович Надёжный Товарищ, Чешское, Оригинальное,…
https://edadeal.ru/barnaul/offers/0ca46fed-6cb9-51f6-a8d6-cb84dc1a0860?from=%2Fbarnaul%2Foffers%3Fpage%3D4%26retailer%3D5ka%26retailer%3Daniks%26retailer%3Dauchan%26retailer%3Dbristol%26retailer%3Dlenta-giper%26retailer%3Dmagnit-univer%26retailer%3Dmaria-ra%26retailer%3Dmyfasol%26segment%3Dbeer-cider;Пиво имп. WILLIANBRAU DUNKEL WEIZEN ТЕМН. НЕФИЛЬТР. ПАСТЕР.…
https://edadeal.ru/barnaul/offers/684f73e8-57ee-51a3-9886-5211aa3aefde?from=%2Fbarnaul%2Foffers%3Fpage%3D4%26retailer%3D5ka%26retailer%3Daniks%26retailer%3Dauchan%26retailer%3Dbristol%26retailer%3Dlenta-giper%26retailer%3Dmagnit-univer%26retailer%3Dmaria-ra%26retailer%3Dmyfasol%26segment%3Dbeer-cider;Напиток пивной АМСТЕРДАМ Навигатор светлое алк.7% ж/б,…
https://edadeal.ru/barnaul/offers/16d44a0d-36d4-529c-a997-f134fab22678?from=%2Fbarnaul%2Foffers%3Fpage%3D4%26retailer%3D5ka%26retailer%3Daniks%26retailer%3Dauchan%26retailer%3Dbristol%26retailer%3Dlenta-giper%26retailer%3Dmagnit-univer%26retailer%3Dmaria-ra%26retailer%3Dmyfasol%26segment%3Dbeer-cider;Напиток пивной REDD'S Редд’с светлое пастер. алк.4,5% ст.,…
https://edadeal.ru/barnaul/offers/a32f1cf2-2c1a-5c04-9164-e00258d62504?from=%2Fbarnaul%2Foffers%3Fpage%3D4%26retailer%3D5ka%26retailer%3Daniks%26retailer%3Dauchan%26retailer%3Dbristol%26retailer%3Dlenta-giper%26retailer%3Dmagnit-univer%26retailer%3Dmaria-ra%26retailer%3Dmyfasol%26segment%3Dbeer-cider;Пиво БАЛТИКА №?3 0,45 л/ 1 бан
https://edadeal.ru/barnaul/offers/4b5a9a4e-b983-5662-85d9-f2d9a4ddd9c0?from=%2Fbarnaul%2Foffers%3Fpage%3D4%26retailer%3D5ka%26retailer%3Daniks%26retailer%3Dauchan%26retailer%3Dbristol%26retailer%3Dlenta-giper%26retailer%3Dmagnit-univer%26retailer%3Dmaria-ra%26retailer%3Dmyfasol%26segment%3Dbeer-cider;Пиво «Вятич» Классическое светлое фильтрованное 4,9%, 450 мл
https://edadeal.ru/barnaul/offers/eb252710-47d8-51e5-bb85-a7d5e8f8ba50?from=%2Fbarnaul%2Foffers%3Fpage%3D4%26retailer%3D5ka%26retailer%3Daniks%26retailer%3Dauchan%26retailer%3Dbristol%26retailer%3Dlenta-giper%26retailer%3Dmagnit-univer%26retailer%3Dmaria-ra%26retailer%3Dmyfasol%26segment%3Dbeer-cider;Пиво ХАМОВНИКИ Венское светлое пастер. фильтр. алк.4,5% ст.,…
https://edadeal.ru/barnaul/offers/80a917a5-099c-5833-a88e-494f8cef4ddc?from=%2Fbarnaul%2Foffers%3Fpage%3D5%26retailer%3D5ka%26retailer%3Daniks%26retailer%3Dauchan%26retailer%3Dbristol%26retailer%3Dlenta-giper%26retailer%3Dmagnit-univer%26retailer%3Dmaria-ra%26retailer%3Dmyfasol%26segment%3Dbeer-cider;Пиво БАЛТИКА Классическое N3 светлое алк.4,8% ж/б, Россия,…
https://edadeal.ru/barnaul/offers/9f4b1726-0fff-55e0-82f0-898dc3089b65?from=%2Fbarnaul%2Foffers%3Fpage%3D5%26retailer%3D5ka%26retailer%3Daniks%26retailer%3Dauchan%26retailer%3Dbristol%26retailer%3Dlenta-giper%26retailer%3Dmagnit-univer%26retailer%3Dmaria-ra%26retailer%3Dmyfasol%26segment%3Dbeer-cider;Пиво «Сибирская Корона» Классическое светлое фильтрованное…
https://edadeal.ru/barnaul/offers/e6c61fde-2c21-5a1e-9cdf-5b34adfee429?from=%2Fbarnaul%2Foffers%3Fpage%3D5%26retailer%3D5ka%26retailer%3Daniks%26retailer%3Dauchan%26retailer%3Dbristol%26retailer%3Dlenta-giper%26retailer%3Dmagnit-univer%26retailer%3Dmaria-ra%26retailer%3Dmyfasol%26segment%3Dbeer-cider;Пиво «Жигули» Барное светлое фильтрованное 4,9%, 450 мл
https://edadeal.ru/barnaul/offers/30e2bffa-8942-5042-93b1-9267585eb73a?from=%2Fbarnaul%2Foffers%3Fpage%3D5%26retailer%3D5ka%26retailer%3Daniks%26retailer%3Dauchan%26retailer%3Dbristol%26retailer%3Dlenta-giper%26retailer%3Dmagnit-univer%26retailer%3Dmaria-ra%26retailer%3Dmyfasol%26segment%3Dbeer-cider;Пиво Чешское Оригинальное, Светлое, 1,35л
https://edadeal.ru/barnaul/offers/8419ca74-43e7-5e01-923d-98ae0710b1f4?from=%2Fbarnaul%2Foffers%3Fpage%3D5%26retailer%3D5ka%26retailer%3Daniks%26retailer%3Dauchan%26retailer%3Dbristol%26retailer%3Dlenta-giper%26retailer%3Dmagnit-univer%26retailer%3Dmaria-ra%26retailer%3Dmyfasol%26segment%3Dbeer-cider;Пиво Жигулевское Фирменное, светлое, 4,6%, 0,45 л
https://edadeal.ru/barnaul/offers/8fb8ea34-f60a-5a43-8816-a1ddf684d872?from=%2Fbarnaul%2Foffers%3Fpage%3D5%26retailer%3D5ka%26retailer%3Daniks%26retailer%3Dauchan%26retailer%3Dbristol%26retailer%3Dlenta-giper%26retailer%3Dmagnit-univer%26retailer%3Dmaria-ra%26retailer%3Dmyfasol%26segment%3Dbeer-cider;Пиво Kronenburg Blanc светлое нефильтрованное 4,5%, 450 мл
https://edadeal.ru/barnaul/offers/da8a0cd9-a292-55d2-96c9-0c64c09a3fc0?from=%2Fbarnaul%2Foffers%3Fpage%3D5%26retailer%3D5ka%26retailer%3Daniks%26retailer%3Dauchan%26retailer%3Dbristol%26retailer%3Dlenta-giper%26retailer%3Dmagnit-univer%26retailer%3Dmaria-ra%26retailer%3Dmyfasol%26segment%3Dbeer-cider;Пиво Белый Медведь, Крепкое, Светлое, 1,3л
https://edadeal.ru/barnaul/offers/f62d0186-245a-5879-86c2-eba9eb101414?from=%2Fbarnaul%2Foffers%3Fpage%3D5%26retailer%3D5ka%26retailer%3Daniks%26retailer%3Dauchan%26retailer%3Dbristol%26retailer%3Dlenta-giper%26retailer%3Dmagnit-univer%26retailer%3Dmaria-ra%26retailer%3Dmyfasol%26segment%3Dbeer-cider;Пиво Bud 66 светлое фильтрованное 4,3%, 470 мл
https://edadeal.ru/barnaul/offers/89274c25-84a4-58ca-b99c-0c88486456ed?from=%2Fbarnaul%2Foffers%3Fpage%3D5%26retailer%3D5ka%26retailer%3Daniks%26retailer%3Dauchan%26retailer%3Dbristol%26retailer%3Dlenta-giper%26retailer%3Dmagnit-univer%26retailer%3Dmaria-ra%26retailer%3Dmyfasol%26segment%3Dbeer-cider;Пиво Бад, Светлое, 0,45л
https://edadeal.ru/barnaul/offers/fad261b6-2694-54f9-9705-eff2203e2f6a?from=%2Fbarnaul%2Foffers%3Fpage%3D5%26retailer%3D5ka%26retailer%3Daniks%26retailer%3Dauchan%26retailer%3Dbristol%26retailer%3Dlenta-giper%26retailer%3Dmagnit-univer%26retailer%3Dmaria-ra%26retailer%3Dmyfasol%26segment%3Dbeer-cider;Пиво Tuborg Green, светлое, 4,6%, 0,45-0,48 л
https://edadeal.ru/barnaul/offers/f3b9cb9c-f9ba-5a5b-a138-cb1fbb46ac90?from=%2Fbarnaul%2Foffers%3Fpage%3D5%26retailer%3D5ka%26retailer%3Daniks%26retailer%3Dauchan%26retailer%3Dbristol%26retailer%3Dlenta-giper%26retailer%3Dmagnit-univer%26retailer%3Dmaria-ra%26retailer%3Dmyfasol%26segment%3Dbeer-cider;Напиток пивной MILLER Genuine Draft светлый пастер. алк.4,7%…
https://edadeal.ru/barnaul/offers/d7b082e4-87c9-51e5-b5e3-0bbba5279c16?from=%2Fbarnaul%2Foffers%3Fpage%3D5%26retailer%3D5ka%26retailer%3Daniks%26retailer%3Dauchan%26retailer%3Dbristol%26retailer%3Dlenta-giper%26retailer%3Dmagnit-univer%26retailer%3Dmaria-ra%26retailer%3Dmyfasol%26segment%3Dbeer-cider;Пиво имп. WILLIANBRAU PREMIUM LAGER СВЕТЛ. ФИЛЬТР. ПАСТЕР.…
https://edadeal.ru/barnaul/offers/ab2b9517-1c70-561d-87bf-971438b2165e?from=%2Fbarnaul%2Foffers%3Fpage%3D5%26retailer%3D5ka%26retailer%3Daniks%26retailer%3Dauchan%26retailer%3Dbristol%26retailer%3Dlenta-giper%26retailer%3Dmagnit-univer%26retailer%3Dmaria-ra%26retailer%3Dmyfasol%26segment%3Dbeer-cider;Пиво KRUSOVICE Svetle светлое пастер. алк.4,2% ст., Россия,…
https://edadeal.ru/barnaul/offers/a593a456-43ac-5d82-97c0-57273b44b54c?from=%2Fbarnaul%2Foffers%3Fpage%3D5%26retailer%3D5ka%26retailer%3Daniks%26retailer%3Dauchan%26retailer%3Dbristol%26retailer%3Dlenta-giper%26retailer%3Dmagnit-univer%26retailer%3Dmaria-ra%26retailer%3Dmyfasol%26segment%3Dbeer-cider;Пивной напиток Домашний Свар, нефильтрованный, 4%, 1,4 л
https://edadeal.ru/barnaul/offers/667ebbba-8d51-5451-beb2-a844f075f59d?from=%2Fbarnaul%2Foffers%3Fpage%3D5%26retailer%3D5ka%26retailer%3Daniks%26retailer%3Dauchan%26retailer%3Dbristol%26retailer%3Dlenta-giper%26retailer%3Dmagnit-univer%26retailer%3Dmaria-ra%26retailer%3Dmyfasol%26segment%3Dbeer-cider;Напиток пивной ДОКТОР ДИЗЕЛЬ Вишня и Персик пастер. алк.6,0%…
https://edadeal.ru/barnaul/offers/af25c0d2-e9c5-5bc5-bb10-9dbf21868f34?from=%2Fbarnaul%2Foffers%3Fpage%3D5%26retailer%3D5ka%26retailer%3Daniks%26retailer%3Dauchan%26retailer%3Dbristol%26retailer%3Dlenta-giper%26retailer%3Dmagnit-univer%26retailer%3Dmaria-ra%26retailer%3Dmyfasol%26segment%3Dbeer-cider;Пиво имп. KAROLINGER DUNKEL RUHRSTADT LAGER ТЕМН. ФИЛЬТР.…
https://edadeal.ru/barnaul/offers/7f870859-9d99-50f1-a377-051971015007?from=%2Fbarnaul%2Foffers%3Fpage%3D5%26retailer%3D5ka%26retailer%3Daniks%26retailer%3Dauchan%26retailer%3Dbristol%26retailer%3Dlenta-giper%26retailer%3Dmagnit-univer%26retailer%3Dmaria-ra%26retailer%3Dmyfasol%26segment%3Dbeer-cider;Пиво «Таркос» Два бобра светлое фильтрованное 4,8%, 500 мл
https://edadeal.ru/barnaul/offers/7297564f-086b-5ac9-bdd0-7eb3624c178a?from=%2Fbarnaul%2Foffers%3Fpage%3D5%26retailer%3D5ka%26retailer%3Daniks%26retailer%3Dauchan%26retailer%3Dbristol%26retailer%3Dlenta-giper%26retailer%3Dmagnit-univer%26retailer%3Dmaria-ra%26retailer%3Dmyfasol%26segment%3Dbeer-cider;Пиво «Сибирская Корона» Классическое светлое фильтрованное…
https://edadeal.ru/barnaul/offers/abc5d3a4-1ec4-5c76-9ec2-95559d41dda3?from=%2Fbarnaul%2Foffers%3Fpage%3D5%26retailer%3D5ka%26retailer%3Daniks%26retailer%3Dauchan%26retailer%3Dbristol%26retailer%3Dlenta-giper%26retailer%3Dmagnit-univer%26retailer%3Dmaria-ra%26retailer%3Dmyfasol%26segment%3Dbeer-cider;Пиво Holsten Premium Светл. Фильтр. Пастер. Ж/б. 0,45л
https://edadeal.ru/barnaul/offers/dd8c88d7-8691-5e1b-aa07-d4f1aa17a6bb?from=%2Fbarnaul%2Foffers%3Fpage%3D5%26retailer%3D5ka%26retailer%3Daniks%26retailer%3Dauchan%26retailer%3Dbristol%26retailer%3Dlenta-giper%26retailer%3Dmagnit-univer%26retailer%3Dmaria-ra%26retailer%3Dmyfasol%26segment%3Dbeer-cider;Пиво BUD 0,45-0,47 л/ 1 бут
https://edadeal.ru/barnaul/offers/9c747117-0ac9-5b1f-927a-5eff5fee7698?from=%2Fbarnaul%2Foffers%3Fpage%3D5%26retailer%3D5ka%26retailer%3Daniks%26retailer%3Dauchan%26retailer%3Dbristol%26retailer%3Dlenta-giper%26retailer%3Dmagnit-univer%26retailer%3Dmaria-ra%26retailer%3Dmyfasol%26segment%3Dbeer-cider;Пиво Алтайский колос, светлое, 4,2%, 0,5 л
https://edadeal.ru/barnaul/offers/12904cd5-3f3d-5787-831b-6b7638203e98?from=%2Fbarnaul%2Foffers%3Fpage%3D5%26retailer%3D5ka%26retailer%3Daniks%26retailer%3Dauchan%26retailer%3Dbristol%26retailer%3Dlenta-giper%26retailer%3Dmagnit-univer%26retailer%3Dmaria-ra%26retailer%3Dmyfasol%26segment%3Dbeer-cider;Пиво Балтика №?7, экспортное, светлое, 5,4%, 0,45-0,47 л
https://edadeal.ru/barnaul/offers/d94261fa-8e69-51be-aa0b-9f7683e8eb9a?from=%2Fbarnaul%2Foffers%3Fpage%3D5%26retailer%3D5ka%26retailer%3Daniks%26retailer%3Dauchan%26retailer%3Dbristol%26retailer%3Dlenta-giper%26retailer%3Dmagnit-univer%26retailer%3Dmaria-ra%26retailer%3Dmyfasol%26segment%3Dbeer-cider;Пиво СТАРЫЙ МЕЛЬНИК Мягкое из бочонка светлое пастер.…
https://edadeal.ru/barnaul/offers/e9c484b4-a451-545b-aeb3-6bb803f2a5ee?from=%2Fbarnaul%2Foffers%3Fpage%3D5%26retailer%3D5ka%26retailer%3Daniks%26retailer%3Dauchan%26retailer%3Dbristol%26retailer%3Dlenta-giper%26retailer%3Dmagnit-univer%26retailer%3Dmaria-ra%26retailer%3Dmyfasol%26segment%3Dbeer-cider;Пиво KRUSOVICE тёмное пастер. алк.4,3% ж/б, Россия, 0.43 L
https://edadeal.ru/barnaul/offers/ffd59c66-c3db-54c5-833c-a6cdb4b27477?from=%2Fbarnaul%2Foffers%3Fpage%3D5%26retailer%3D5ka%26retailer%3Daniks%26retailer%3Dauchan%26retailer%3Dbristol%26retailer%3Dlenta-giper%26retailer%3Dmagnit-univer%26retailer%3Dmaria-ra%26retailer%3Dmyfasol%26segment%3Dbeer-cider;Пивной напиток Miller Genuine draft светлый фильтрованный…
https://edadeal.ru/barnaul/offers/830c993c-0278-5ffe-8597-11c655c4f09d?from=%2Fbarnaul%2Foffers%3Fpage%3D5%26retailer%3D5ka%26retailer%3Daniks%26retailer%3Dauchan%26retailer%3Dbristol%26retailer%3Dlenta-giper%26retailer%3Dmagnit-univer%26retailer%3Dmaria-ra%26retailer%3Dmyfasol%26segment%3Dbeer-cider;Напиток пивной MILLER Genuine Draft светлый пастер. алк.4,7%…
https://edadeal.ru/barnaul/offers/95bfb6b6-a100-5f0d-86de-c24839c49f7b?from=%2Fbarnaul%2Foffers%3Fpage%3D5%26retailer%3D5ka%26retailer%3Daniks%26retailer%3Dauchan%26retailer%3Dbristol%26retailer%3Dlenta-giper%26retailer%3Dmagnit-univer%26retailer%3Dmaria-ra%26retailer%3Dmyfasol%26segment%3Dbeer-cider;Сидр Мистер Лис, 0,43л
https://edadeal.ru/barnaul/offers/5a42d3b9-0c73-5a41-94b3-aa4a86ca610d?from=%2Fbarnaul%2Foffers%3Fpage%3D5%26retailer%3D5ka%26retailer%3Daniks%26retailer%3Dauchan%26retailer%3Dbristol%26retailer%3Dlenta-giper%26retailer%3Dmagnit-univer%26retailer%3Dmaria-ra%26retailer%3Dmyfasol%26segment%3Dbeer-cider;Пиво Lacplesis Kviesu, пшеничное, светлое, 0,568 л
https://edadeal.ru/barnaul/offers/fa505aa1-7b7b-5f74-854e-ba9c16a07c77?from=%2Fbarnaul%2Foffers%3Fpage%3D5%26retailer%3D5ka%26retailer%3Daniks%26retailer%3Dauchan%26retailer%3Dbristol%26retailer%3Dlenta-giper%26retailer%3Dmagnit-univer%26retailer%3Dmaria-ra%26retailer%3Dmyfasol%26segment%3Dbeer-cider;Напиток пивной KRUSOVICE Psenicne нефильтр. осветл. пастер.…
https://edadeal.ru/barnaul/offers/299f18de-e502-5440-9b59-415e50817891?from=%2Fbarnaul%2Foffers%3Fpage%3D5%26retailer%3D5ka%26retailer%3Daniks%26retailer%3Dauchan%26retailer%3Dbristol%26retailer%3Dlenta-giper%26retailer%3Dmagnit-univer%26retailer%3Dmaria-ra%26retailer%3Dmyfasol%26segment%3Dbeer-cider;Пиво светлое лагер, Furstkeg, 5,4%, 0,5 л Пиво пшеничное…
https://edadeal.ru/barnaul/offers/38d46fab-ac7a-5221-a4ea-c91145ad7a79?from=%2Fbarnaul%2Foffers%3Fpage%3D6%26retailer%3D5ka%26retailer%3Daniks%26retailer%3Dauchan%26retailer%3Dbristol%26retailer%3Dlenta-giper%26retailer%3Dmagnit-univer%26retailer%3Dmaria-ra%26retailer%3Dmyfasol%26segment%3Dbeer-cider;Пиво KRUSOVICE светлое пастер. алк.4,2% ж/б, Россия, 0.45 L
https://edadeal.ru/barnaul/offers/f4c22dcb-86ae-5dd1-8376-bf2dafa7dd73?from=%2Fbarnaul%2Foffers%3Fpage%3D6%26retailer%3D5ka%26retailer%3Daniks%26retailer%3Dauchan%26retailer%3Dbristol%26retailer%3Dlenta-giper%26retailer%3Dmagnit-univer%26retailer%3Dmaria-ra%26retailer%3Dmyfasol%26segment%3Dbeer-cider;Пиво Жатецкий Гусь, Светлое, 0,48л
https://edadeal.ru/barnaul/offers/466ed2f1-53bf-5a67-aa72-3896d841feda?from=%2Fbarnaul%2Foffers%3Fpage%3D6%26retailer%3D5ka%26retailer%3Daniks%26retailer%3Dauchan%26retailer%3Dbristol%26retailer%3Dlenta-giper%26retailer%3Dmagnit-univer%26retailer%3Dmaria-ra%26retailer%3Dmyfasol%26segment%3Dbeer-cider;Пиво «Таркос» Хворобей светлое фильтрованное 4,8%, 500 мл
https://edadeal.ru/barnaul/offers/1f24f891-43d9-558e-8692-6fa99a3e7aad?from=%2Fbarnaul%2Foffers%3Fpage%3D6%26retailer%3D5ka%26retailer%3Daniks%26retailer%3Dauchan%26retailer%3Dbristol%26retailer%3Dlenta-giper%26retailer%3Dmagnit-univer%26retailer%3Dmaria-ra%26retailer%3Dmyfasol%26segment%3Dbeer-cider;Пиво «Вятич» Классическое светлое фильтрованное 4,9%, 450 мл
https://edadeal.ru/barnaul/offers/151bff18-64a1-5269-a4d3-98c5565a3461?from=%2Fbarnaul%2Foffers%3Fpage%3D6%26retailer%3D5ka%26retailer%3Daniks%26retailer%3Dauchan%26retailer%3Dbristol%26retailer%3Dlenta-giper%26retailer%3Dmagnit-univer%26retailer%3Dmaria-ra%26retailer%3Dmyfasol%26segment%3Dbeer-cider;Пивной напиток Somersby Blackberry, 4,6%, 0,4 л
https://edadeal.ru/barnaul/offers/58e96ee1-4277-5994-b5ba-88ab7604154f?from=%2Fbarnaul%2Foffers%3Fpage%3D6%26retailer%3D5ka%26retailer%3Daniks%26retailer%3Dauchan%26retailer%3Dbristol%26retailer%3Dlenta-giper%26retailer%3Dmagnit-univer%26retailer%3Dmaria-ra%26retailer%3Dmyfasol%26segment%3Dbeer-cider;Пивной напиток Miller Genuine draft светлый фильтрованный…
https://edadeal.ru/barnaul/offers/9a25d88e-98c7-5b5b-831d-4095654ab6d2?from=%2Fbarnaul%2Foffers%3Fpage%3D6%26retailer%3D5ka%26retailer%3Daniks%26retailer%3Dauchan%26retailer%3Dbristol%26retailer%3Dlenta-giper%26retailer%3Dmagnit-univer%26retailer%3Dmaria-ra%26retailer%3Dmyfasol%26segment%3Dbeer-cider;Пиво Жигулевское фирменное, светлое, 4,6%, 1,35 л
https://edadeal.ru/barnaul/offers/17b9221b-d623-5c85-8b5a-73243686b140?from=%2Fbarnaul%2Foffers%3Fpage%3D6%26retailer%3D5ka%26retailer%3Daniks%26retailer%3Dauchan%26retailer%3Dbristol%26retailer%3Dlenta-giper%26retailer%3Dmagnit-univer%26retailer%3Dmaria-ra%26retailer%3Dmyfasol%26segment%3Dbeer-cider;Пиво «Батино пиво» светлое фильтрованное 4%, 450 мл
https://edadeal.ru/barnaul/offers/9a4fea4c-2028-554f-a020-ebdd18d2d0de?from=%2Fbarnaul%2Foffers%3Fpage%3D6%26retailer%3D5ka%26retailer%3Daniks%26retailer%3Dauchan%26retailer%3Dbristol%26retailer%3Dlenta-giper%26retailer%3Dmagnit-univer%26retailer%3Dmaria-ra%26retailer%3Dmyfasol%26segment%3Dbeer-cider;Пиво THRON WEIZEN Пшеничное светлое нефильтр. неосветл.…
https://edadeal.ru/barnaul/offers/abd20446-3f04-5aeb-8299-1cf43fa78b65?from=%2Fbarnaul%2Foffers%3Fpage%3D6%26retailer%3D5ka%26retailer%3Daniks%26retailer%3Dauchan%26retailer%3Dbristol%26retailer%3Dlenta-giper%26retailer%3Dmagnit-univer%26retailer%3Dmaria-ra%26retailer%3Dmyfasol%26segment%3Dbeer-cider;Пиво СТАРЫЙ МЕЛЬНИК Мягкое из бочонка светлое пастер.…
https://edadeal.ru/barnaul/offers/d3435c10-23ea-5d6d-97b4-ecfd177bb9e0?from=%2Fbarnaul%2Foffers%3Fpage%3D6%26retailer%3D5ka%26retailer%3Daniks%26retailer%3Dauchan%26retailer%3Dbristol%26retailer%3Dlenta-giper%26retailer%3Dmagnit-univer%26retailer%3Dmaria-ra%26retailer%3Dmyfasol%26segment%3Dbeer-cider;Пиво Bud 66 светлое фильтрованное 4,3%, 450 мл
https://edadeal.ru/barnaul/offers/8bf29ce1-3213-5871-b7d2-abd70d5c8b52?from=%2Fbarnaul%2Foffers%3Fpage%3D6%26retailer%3D5ka%26retailer%3Daniks%26retailer%3Dauchan%26retailer%3Dbristol%26retailer%3Dlenta-giper%26retailer%3Dmagnit-univer%26retailer%3Dmaria-ra%26retailer%3Dmyfasol%26segment%3Dbeer-cider;Пиво ZATECKY GUS Традиционное светлое алк.4,6% ж/б, Россия,…
https://edadeal.ru/barnaul/offers/278b78e7-0d36-56b3-b9f1-f0eba3854ba2?from=%2Fbarnaul%2Foffers%3Fpage%3D6%26retailer%3D5ka%26retailer%3Daniks%26retailer%3Dauchan%26retailer%3Dbristol%26retailer%3Dlenta-giper%26retailer%3Dmagnit-univer%26retailer%3Dmaria-ra%26retailer%3Dmyfasol%26segment%3Dbeer-cider;Напиток пивной MILLER Genuine Draft пастер. алк.4,7% ст.,…
https://edadeal.ru/barnaul/offers/130221ea-d027-56e7-83d3-2ffd4f082c83?from=%2Fbarnaul%2Foffers%3Fpage%3D6%26retailer%3D5ka%26retailer%3Daniks%26retailer%3Dauchan%26retailer%3Dbristol%26retailer%3Dlenta-giper%26retailer%3Dmagnit-univer%26retailer%3Dmaria-ra%26retailer%3Dmyfasol%26segment%3Dbeer-cider;Пивной напиток «Таркос» Tomato Motato Специальный…
https://edadeal.ru/barnaul/offers/3fdb84b6-44ed-5e36-ae6e-a2c376c26679?from=%2Fbarnaul%2Foffers%3Fpage%3D6%26retailer%3D5ka%26retailer%3Daniks%26retailer%3Dauchan%26retailer%3Dbristol%26retailer%3Dlenta-giper%26retailer%3Dmagnit-univer%26retailer%3Dmaria-ra%26retailer%3Dmyfasol%26segment%3Dbeer-cider;Пиво Bud светлое фильтрованное 5%, 450 мл
